binary|status|execution_time_ms|error_category|raw_error|stderr
rocsolver_syev_strided_batched|Failure|13534|"Process Error: ""Terminated by Signal 127"""||/home/netherquark/Soham/Large_code/sources/GPU/backrocm/graphs/gpus-13/error_logs_misc/rocsolver_syev_strided_batched.txt
rocsolver_syev|Failure|12839|"Process Error: ""Terminated by Signal 127"""||/home/netherquark/Soham/Large_code/sources/GPU/backrocm/graphs/gpus-13/error_logs_misc/rocsolver_syev.txt
rocsolver_getf2|Success|12802|None||
rocsolver_syev_batched|Failure|12862|"Process Error: ""Terminated by Signal 127"""||/home/netherquark/Soham/Large_code/sources/GPU/backrocm/graphs/gpus-13/error_logs_misc/rocsolver_syev_batched.txt
rocsolver_getri|Failure|13415|"Tensile Error: ""Missing TensileLibrary.dat"""||"
rocBLAS error: Cannot read /lib64/rocblas/library/TensileLibrary.dat: No such file or directory for GPU arch : gfx90c
 List of available TensileLibrary Files : 
""/lib64/rocblas/library/TensileLibrary_lazy_gfx1153.dat""
""/lib64/rocblas/library/TensileLibrary_lazy_gfx1031.dat""
""/lib64/rocblas/library/TensileLibrary_lazy_gfx1150.dat""
""/lib64/rocblas/library/TensileLibrary_lazy_gfx1103.dat""
""/lib64/rocblas/library/TensileLibrary_lazy_gfx1201.dat""
""/lib64/rocblas/library/TensileLibrary_lazy_gfx1151.dat""
""/lib64/rocblas/library/TensileLibrary_lazy_gfx1035.dat""
""/lib64/rocblas/library/TensileLibrary_lazy_gfx900.dat""
""/lib64/rocblas/library/TensileLibrary_lazy_gfx1010.dat""
""/lib64/rocblas/library/TensileLibrary_lazy_gfx1102.dat""
""/lib64/rocblas/library/TensileLibrary_lazy_gfx950.dat""
""/lib64/rocblas/library/TensileLibrary_lazy_gfx908.dat""
""/lib64/rocblas/library/TensileLibrary_lazy_gfx1030.dat""
""/lib64/rocblas/library/TensileLibrary_lazy_gfx942.dat""
""/lib64/rocblas/library/TensileLibrary_lazy_gfx1100.dat""
""/lib64/rocblas/library/TensileLibrary_lazy_gfx1101.dat""
""/lib64/rocblas/library/TensileLibrary_lazy_gfx1012.dat""
""/lib64/rocblas/library/TensileLibrary_lazy_gfx906.dat""
""/lib64/rocblas/library/TensileLibrary_lazy_gfx1152.dat""
""/lib64/rocblas/library/TensileLibrary_lazy_gfx1200.dat""
""/lib64/rocblas/library/TensileLibrary_lazy_gfx90a.dat""
"
rocsparse_bsrilu0|Failure|11000|"rocSPARSE Error: ""Internal Error"""|"rocSPARSE error encountered: ""rocsparse_status_internal_error"" at /home/netherquark/Soham/Large_code/sources/GPU/rocm-examples/Libraries/rocSPARSE/preconditioner/bsrilu0/main.cpp:158"|"rocSPARSE error encountered: ""rocsparse_status_internal_error"" at /home/netherquark/Soham/Large_code/sources/GPU/rocm-examples/Libraries/rocSPARSE/preconditioner/bsrilu0/main.cpp:158
"
rocsparse_csric0|Failure|10617|"rocSPARSE Error: ""Internal Error"""|"rocSPARSE error encountered: ""rocsparse_status_internal_error"" at /home/netherquark/Soham/Large_code/sources/GPU/rocm-examples/Libraries/rocSPARSE/preconditioner/csric0/main.cpp:141"|"rocSPARSE error encountered: ""rocsparse_status_internal_error"" at /home/netherquark/Soham/Large_code/sources/GPU/rocm-examples/Libraries/rocSPARSE/preconditioner/csric0/main.cpp:141
"
rocsparse_csritilu0|Failure|10612|"rocSPARSE Error: ""Internal Error"""|"rocSPARSE error encountered: ""rocsparse_status_internal_error"" at /home/netherquark/Soham/Large_code/sources/GPU/rocm-examples/Libraries/rocSPARSE/preconditioner/csritilu0/main.cpp:158"|"rocSPARSE error encountered: ""rocsparse_status_internal_error"" at /home/netherquark/Soham/Large_code/sources/GPU/rocm-examples/Libraries/rocSPARSE/preconditioner/csritilu0/main.cpp:158
"
rocsparse_gpsv|Failure|10566|"Process Error: ""Terminated by Signal 127"""||/home/netherquark/Soham/Large_code/sources/GPU/backrocm/graphs/gpus-13/error_logs_misc/rocsparse_gpsv.txt
rocsparse_gtsv|Failure|10649|"Process Error: ""Terminated by Signal 127"""||/home/netherquark/Soham/Large_code/sources/GPU/backrocm/graphs/gpus-13/error_logs_misc/rocsparse_gtsv.txt
rocsparse_bsric0|Failure|10582|"rocSPARSE Error: ""Internal Error"""|"rocSPARSE error encountered: ""rocsparse_status_internal_error"" at /home/netherquark/Soham/Large_code/sources/GPU/rocm-examples/Libraries/rocSPARSE/preconditioner/bsric0/main.cpp:166"|"rocSPARSE error encountered: ""rocsparse_status_internal_error"" at /home/netherquark/Soham/Large_code/sources/GPU/rocm-examples/Libraries/rocSPARSE/preconditioner/bsric0/main.cpp:166
"
rocsparse_csrilu0|Failure|10631|"rocSPARSE Error: ""Internal Error"""|"rocSPARSE error encountered: ""rocsparse_status_internal_error"" at /home/netherquark/Soham/Large_code/sources/GPU/rocm-examples/Libraries/rocSPARSE/preconditioner/csrilu0/main.cpp:139"|"rocSPARSE error encountered: ""rocsparse_status_internal_error"" at /home/netherquark/Soham/Large_code/sources/GPU/rocm-examples/Libraries/rocSPARSE/preconditioner/csrilu0/main.cpp:139
"
rocsparse_csrsv|Failure|10673|"rocSPARSE Error: ""Internal Error"""|"rocSPARSE error encountered: ""rocsparse_status_internal_error"" at /home/netherquark/Soham/Large_code/sources/GPU/rocm-examples/Libraries/rocSPARSE/level_2/csrsv/main.cpp:139"|"rocSPARSE error encountered: ""rocsparse_status_internal_error"" at /home/netherquark/Soham/Large_code/sources/GPU/rocm-examples/Libraries/rocSPARSE/level_2/csrsv/main.cpp:139
"
rocsparse_gemvi|Success|10646|None||
rocsparse_csritsv|Failure|10592|"Process Error: ""Terminated by Signal 127"""||/home/netherquark/Soham/Large_code/sources/GPU/backrocm/graphs/gpus-13/error_logs_misc/rocsparse_csritsv.txt
rocsparse_bsrxmv|Success|10763|None||
rocsparse_csrmv|Success|10612|None||
rocsparse_gebsrmv|Failure|10660|"Process Error: ""Terminated by Signal 127"""||/home/netherquark/Soham/Large_code/sources/GPU/backrocm/graphs/gpus-13/error_logs_misc/rocsparse_gebsrmv.txt
rocsparse_bsrmv|Success|10689|None||
rocsparse_spsv|Failure|10641|"rocSPARSE Error: ""Internal Error"""|"rocSPARSE error encountered: ""rocsparse_status_internal_error"" at /home/netherquark/Soham/Large_code/sources/GPU/rocm-examples/Libraries/rocSPARSE/level_2/spsv/main.cpp:147"|"rocSPARSE error encountered: ""rocsparse_status_internal_error"" at /home/netherquark/Soham/Large_code/sources/GPU/rocm-examples/Libraries/rocSPARSE/level_2/spsv/main.cpp:147
"
rocsparse_ellmv|Failure|10688|"Process Error: ""Terminated by Signal 127"""||/home/netherquark/Soham/Large_code/sources/GPU/backrocm/graphs/gpus-13/error_logs_misc/rocsparse_ellmv.txt
rocsparse_coomv|Failure|10674|"Process Error: ""Terminated by Signal 127"""||/home/netherquark/Soham/Large_code/sources/GPU/backrocm/graphs/gpus-13/error_logs_misc/rocsparse_coomv.txt
rocsparse_spitsv|Success|10672|None||
rocsparse_spmv|Success|10723|None||
rocsparse_bsrsv|Failure|10691|"rocSPARSE Error: ""Internal Error"""|"rocSPARSE error encountered: ""rocsparse_status_internal_error"" at /home/netherquark/Soham/Large_code/sources/GPU/rocm-examples/Libraries/rocSPARSE/level_2/bsrsv/main.cpp:179"|"rocSPARSE error encountered: ""rocsparse_status_internal_error"" at /home/netherquark/Soham/Large_code/sources/GPU/rocm-examples/Libraries/rocSPARSE/level_2/bsrsv/main.cpp:179
"
rocsparse_gthr|Failure|10677|"Process Error: ""Terminated by Signal 127"""||/home/netherquark/Soham/Large_code/sources/GPU/backrocm/graphs/gpus-13/error_logs_misc/rocsparse_gthr.txt
rocsparse_axpyi|Failure|10621|"Process Error: ""Terminated by Signal 127"""||/home/netherquark/Soham/Large_code/sources/GPU/backrocm/graphs/gpus-13/error_logs_misc/rocsparse_axpyi.txt
rocsparse_sctr|Failure|10676|"Process Error: ""Terminated by Signal 127"""||/home/netherquark/Soham/Large_code/sources/GPU/backrocm/graphs/gpus-13/error_logs_misc/rocsparse_sctr.txt
rocsparse_roti|Failure|10636|"Process Error: ""Terminated by Signal 127"""||/home/netherquark/Soham/Large_code/sources/GPU/backrocm/graphs/gpus-13/error_logs_misc/rocsparse_roti.txt
rocsparse_doti|Failure|10732|"Process Error: ""Terminated by Signal 127"""||/home/netherquark/Soham/Large_code/sources/GPU/backrocm/graphs/gpus-13/error_logs_misc/rocsparse_doti.txt
rocsparse_sddmm|Success|10669|None||
rocsparse_bsrsm|Failure|10677|"rocSPARSE Error: ""Internal Error"""|"rocSPARSE error encountered: ""rocsparse_status_internal_error"" at /home/netherquark/Soham/Large_code/sources/GPU/rocm-examples/Libraries/rocSPARSE/level_3/bsrsm/main.cpp:200"|"rocSPARSE error encountered: ""rocsparse_status_internal_error"" at /home/netherquark/Soham/Large_code/sources/GPU/rocm-examples/Libraries/rocSPARSE/level_3/bsrsm/main.cpp:200
"
rocsparse_csrsm|Failure|10687|"rocSPARSE Error: ""Internal Error"""|"rocSPARSE error encountered: ""rocsparse_status_internal_error"" at /home/netherquark/Soham/Large_code/sources/GPU/rocm-examples/Libraries/rocSPARSE/level_3/csrsm/main.cpp:190"|"rocSPARSE error encountered: ""rocsparse_status_internal_error"" at /home/netherquark/Soham/Large_code/sources/GPU/rocm-examples/Libraries/rocSPARSE/level_3/csrsm/main.cpp:190
"
rocsparse_csrmm|Success|10626|None||
rocsparse_bsrmm|Success|10643|None||
rocsparse_spsm|Failure|10623|"rocSPARSE Error: ""Internal Error"""|"rocSPARSE error encountered: ""rocsparse_status_internal_error"" at /home/netherquark/Soham/Large_code/sources/GPU/rocm-examples/Libraries/rocSPARSE/level_3/spsm/main.cpp:172"|"rocSPARSE error encountered: ""rocsparse_status_internal_error"" at /home/netherquark/Soham/Large_code/sources/GPU/rocm-examples/Libraries/rocSPARSE/level_3/spsm/main.cpp:172
"
rocsparse_gemmi|Success|10708|None||
rocsparse_gebsrmm|Failure|10734|"Process Error: ""Terminated by Signal 127"""||/home/netherquark/Soham/Large_code/sources/GPU/backrocm/graphs/gpus-13/error_logs_misc/rocsparse_gebsrmm.txt
hipfft_multi_gpu|Success|56|None||
hipfft_plan_z2z|Success|7720|None||
hipfft_plan_d2z|Success|2568|None||
rocfft_real_complex|Success|1852|None||
rocfft_complex_real|Success|1847|None||
rocfft_callback|Failure|1098|"rocFFT Error: ""Failure"""|"rocFFT error encountered: ""rocfft_status_failure"" at /home/netherquark/Soham/Large_code/sources/GPU/rocm-examples/Libraries/rocFFT/callback/main.hip:145"|"rocFFT error encountered: ""rocfft_status_failure"" at /home/netherquark/Soham/Large_code/sources/GPU/rocm-examples/Libraries/rocFFT/callback/main.hip:145
"
rocfft_multi_gpu|Success|48|None||
rocfft_complex_complex|Success|1091|None||
rocrand_simple_distributions_cpp|Failure|658|"Runtime Error: ""Unhandled C++ Exception"""|terminate called after throwing an instance of 'rocrand_cpp::error'|"terminate called after throwing an instance of 'rocrand_cpp::error'
  what():  Kernel launch failure
"
rocprim_block_sum|Success|278|None||
rocprim_device_sum|Success|273|None||
hipsolver_sygvj|Failure|12872|"Runtime Error: ""Invalid Device Function"""|rocBLAS error from hip error code: 'hipErrorInvalidDeviceFunction':98|"rocBLAS error from hip error code: 'hipErrorInvalidDeviceFunction':98
rocBLAS error from hip error code: 'hipErrorInvalidDeviceFunction':98
"
hipsolver_syevdx|Failure|12820|"Runtime Error: ""Invalid Device Function"""|rocBLAS error from hip error code: 'hipErrorInvalidDeviceFunction':98|"rocBLAS error from hip error code: 'hipErrorInvalidDeviceFunction':98
hipBLAS error encountered: ""HIPBLAS_STATUS_INTERNAL_ERROR"" at /home/netherquark/Soham/Large_code/sources/GPU/rocm-examples/Libraries/hipSOLVER/syevdx/main.cpp:163
"
hipsolver_gesvd|Failure|12855|"Runtime Error: ""Invalid Device Function"""|rocBLAS error from hip error code: 'hipErrorInvalidDeviceFunction':98|"rocBLAS error from hip error code: 'hipErrorInvalidDeviceFunction':98
hipBLAS error encountered: ""HIPBLAS_STATUS_INTERNAL_ERROR"" at /home/netherquark/Soham/Large_code/sources/GPU/rocm-examples/Libraries/hipSOLVER/gesvd/main.cpp:173
"
hipsolver_gels|Failure|12860|"Process Error: ""Terminated by Signal 127"""||/home/netherquark/Soham/Large_code/sources/GPU/backrocm/graphs/gpus-13/error_logs_127/hipsolver_gels.txt
hipsolver_sygvd|Failure|13427|"Runtime Error: ""Invalid Device Function"""|rocBLAS error from hip error code: 'hipErrorInvalidDeviceFunction':98|"rocBLAS error from hip error code: 'hipErrorInvalidDeviceFunction':98
rocBLAS error from hip error code: 'hipErrorInvalidDeviceFunction':98

rocBLAS error: Cannot read /lib64/rocblas/library/TensileLibrary.dat: No such file or directory for GPU arch : gfx90c
 List of available TensileLibrary Files : 
""/lib64/rocblas/library/TensileLibrary_lazy_gfx1153.dat""
""/lib64/rocblas/library/TensileLibrary_lazy_gfx1031.dat""
""/lib64/rocblas/library/TensileLibrary_lazy_gfx1150.dat""
""/lib64/rocblas/library/TensileLibrary_lazy_gfx1103.dat""
""/lib64/rocblas/library/TensileLibrary_lazy_gfx1201.dat""
""/lib64/rocblas/library/TensileLibrary_lazy_gfx1151.dat""
""/lib64/rocblas/library/TensileLibrary_lazy_gfx1035.dat""
""/lib64/rocblas/library/TensileLibrary_lazy_gfx900.dat""
""/lib64/rocblas/library/TensileLibrary_lazy_gfx1010.dat""
""/lib64/rocblas/library/TensileLibrary_lazy_gfx1102.dat""
""/lib64/rocblas/library/TensileLibrary_lazy_gfx950.dat""
""/lib64/rocblas/library/TensileLibrary_lazy_gfx908.dat""
""/lib64/rocblas/library/TensileLibrary_lazy_gfx1030.dat""
""/lib64/rocblas/library/TensileLibrary_lazy_gfx942.dat""
""/lib64/rocblas/library/TensileLibrary_lazy_gfx1100.dat""
""/lib64/rocblas/library/TensileLibrary_lazy_gfx1101.dat""
""/lib64/rocblas/library/TensileLibrary_lazy_gfx1012.dat""
""/lib64/rocblas/library/TensileLibrary_lazy_gfx906.dat""
""/lib64/rocblas/library/TensileLibrary_lazy_gfx1152.dat""
""/lib64/rocblas/library/TensileLibrary_lazy_gfx1200.dat""
""/lib64/rocblas/library/TensileLibrary_lazy_gfx90a.dat""
"
hipsolver_getrf|Success|12811|None||
hipsolver_geqrf|Failure|13413|"Tensile Error: ""Missing TensileLibrary.dat"""||"
rocBLAS error: Cannot read /lib64/rocblas/library/TensileLibrary.dat: No such file or directory for GPU arch : gfx90c
 List of available TensileLibrary Files : 
""/lib64/rocblas/library/TensileLibrary_lazy_gfx1153.dat""
""/lib64/rocblas/library/TensileLibrary_lazy_gfx1031.dat""
""/lib64/rocblas/library/TensileLibrary_lazy_gfx1150.dat""
""/lib64/rocblas/library/TensileLibrary_lazy_gfx1103.dat""
""/lib64/rocblas/library/TensileLibrary_lazy_gfx1201.dat""
""/lib64/rocblas/library/TensileLibrary_lazy_gfx1151.dat""
""/lib64/rocblas/library/TensileLibrary_lazy_gfx1035.dat""
""/lib64/rocblas/library/TensileLibrary_lazy_gfx900.dat""
""/lib64/rocblas/library/TensileLibrary_lazy_gfx1010.dat""
""/lib64/rocblas/library/TensileLibrary_lazy_gfx1102.dat""
""/lib64/rocblas/library/TensileLibrary_lazy_gfx950.dat""
""/lib64/rocblas/library/TensileLibrary_lazy_gfx908.dat""
""/lib64/rocblas/library/TensileLibrary_lazy_gfx1030.dat""
""/lib64/rocblas/library/TensileLibrary_lazy_gfx942.dat""
""/lib64/rocblas/library/TensileLibrary_lazy_gfx1100.dat""
""/lib64/rocblas/library/TensileLibrary_lazy_gfx1101.dat""
""/lib64/rocblas/library/TensileLibrary_lazy_gfx1012.dat""
""/lib64/rocblas/library/TensileLibrary_lazy_gfx906.dat""
""/lib64/rocblas/library/TensileLibrary_lazy_gfx1152.dat""
""/lib64/rocblas/library/TensileLibrary_lazy_gfx1200.dat""
""/lib64/rocblas/library/TensileLibrary_lazy_gfx90a.dat""
"
hipsolver_potrf|Failure|12857|"Process Error: ""Terminated by Signal 127"""||/home/netherquark/Soham/Large_code/sources/GPU/backrocm/graphs/gpus-13/error_logs_127/hipsolver_potrf.txt
hipsolver_syevd|Failure|12821|"Process Error: ""Terminated by Signal 127"""||/home/netherquark/Soham/Large_code/sources/GPU/backrocm/graphs/gpus-13/error_logs_127/hipsolver_syevd.txt
hipsolver_syevj_batched|Failure|12892|"Runtime Error: ""Invalid Device Function"""|rocBLAS error from hip error code: 'hipErrorInvalidDeviceFunction':98|"rocBLAS error from hip error code: 'hipErrorInvalidDeviceFunction':98
hipBLAS error encountered: ""HIPBLAS_STATUS_INTERNAL_ERROR"" at /home/netherquark/Soham/Large_code/sources/GPU/rocm-examples/Libraries/hipSOLVER/syevj_batched/main.cpp:205
"
hipsolver_syevj|Failure|12873|"Process Error: ""Terminated by Signal 127"""||/home/netherquark/Soham/Large_code/sources/GPU/backrocm/graphs/gpus-13/error_logs_127/hipsolver_syevj.txt
hipcub_device_radix_sort|Success|286|None||
hipcub_device_sum|Success|283|None||
rocblas_gemm_strided_batched|Failure|7087|"Tensile Error: ""Missing TensileLibrary.dat"""||"
rocBLAS error: Cannot read /lib64/rocblas/library/TensileLibrary.dat: No such file or directory for GPU arch : gfx90c
 List of available TensileLibrary Files : 
""/lib64/rocblas/library/TensileLibrary_lazy_gfx1153.dat""
""/lib64/rocblas/library/TensileLibrary_lazy_gfx1031.dat""
""/lib64/rocblas/library/TensileLibrary_lazy_gfx1150.dat""
""/lib64/rocblas/library/TensileLibrary_lazy_gfx1103.dat""
""/lib64/rocblas/library/TensileLibrary_lazy_gfx1201.dat""
""/lib64/rocblas/library/TensileLibrary_lazy_gfx1151.dat""
""/lib64/rocblas/library/TensileLibrary_lazy_gfx1035.dat""
""/lib64/rocblas/library/TensileLibrary_lazy_gfx900.dat""
""/lib64/rocblas/library/TensileLibrary_lazy_gfx1010.dat""
""/lib64/rocblas/library/TensileLibrary_lazy_gfx1102.dat""
""/lib64/rocblas/library/TensileLibrary_lazy_gfx950.dat""
""/lib64/rocblas/library/TensileLibrary_lazy_gfx908.dat""
""/lib64/rocblas/library/TensileLibrary_lazy_gfx1030.dat""
""/lib64/rocblas/library/TensileLibrary_lazy_gfx942.dat""
""/lib64/rocblas/library/TensileLibrary_lazy_gfx1100.dat""
""/lib64/rocblas/library/TensileLibrary_lazy_gfx1101.dat""
""/lib64/rocblas/library/TensileLibrary_lazy_gfx1012.dat""
""/lib64/rocblas/library/TensileLibrary_lazy_gfx906.dat""
""/lib64/rocblas/library/TensileLibrary_lazy_gfx1152.dat""
""/lib64/rocblas/library/TensileLibrary_lazy_gfx1200.dat""
""/lib64/rocblas/library/TensileLibrary_lazy_gfx90a.dat""
"
rocblas_gemv|Failure|6557|"Runtime Error: ""Invalid Device Function"""|rocBLAS error from hip error code: 'hipErrorInvalidDeviceFunction':98|"rocBLAS error from hip error code: 'hipErrorInvalidDeviceFunction':98
rocBLAS error encountered: ""rocblas_status_internal_error"" at /home/netherquark/Soham/Large_code/sources/GPU/rocm-examples/Libraries/rocBLAS/level_2/gemv/main.cpp:206
"
rocblas_swap|Failure|6556|"Runtime Error: ""Invalid Device Function"""|rocBLAS error from hip error code: 'hipErrorInvalidDeviceFunction':98|"rocBLAS error from hip error code: 'hipErrorInvalidDeviceFunction':98
rocBLAS error encountered: ""rocblas_status_internal_error"" at /home/netherquark/Soham/Large_code/sources/GPU/rocm-examples/Libraries/rocBLAS/level_1/swap/main.cpp:109
"
rocblas_gemm|Failure|7104|"Tensile Error: ""Missing TensileLibrary.dat"""||"
rocBLAS error: Cannot read /lib64/rocblas/library/TensileLibrary.dat: No such file or directory for GPU arch : gfx90c
 List of available TensileLibrary Files : 
""/lib64/rocblas/library/TensileLibrary_lazy_gfx1153.dat""
""/lib64/rocblas/library/TensileLibrary_lazy_gfx1031.dat""
""/lib64/rocblas/library/TensileLibrary_lazy_gfx1150.dat""
""/lib64/rocblas/library/TensileLibrary_lazy_gfx1103.dat""
""/lib64/rocblas/library/TensileLibrary_lazy_gfx1201.dat""
""/lib64/rocblas/library/TensileLibrary_lazy_gfx1151.dat""
""/lib64/rocblas/library/TensileLibrary_lazy_gfx1035.dat""
""/lib64/rocblas/library/TensileLibrary_lazy_gfx900.dat""
""/lib64/rocblas/library/TensileLibrary_lazy_gfx1010.dat""
""/lib64/rocblas/library/TensileLibrary_lazy_gfx1102.dat""
""/lib64/rocblas/library/TensileLibrary_lazy_gfx950.dat""
""/lib64/rocblas/library/TensileLibrary_lazy_gfx908.dat""
""/lib64/rocblas/library/TensileLibrary_lazy_gfx1030.dat""
""/lib64/rocblas/library/TensileLibrary_lazy_gfx942.dat""
""/lib64/rocblas/library/TensileLibrary_lazy_gfx1100.dat""
""/lib64/rocblas/library/TensileLibrary_lazy_gfx1101.dat""
""/lib64/rocblas/library/TensileLibrary_lazy_gfx1012.dat""
""/lib64/rocblas/library/TensileLibrary_lazy_gfx906.dat""
""/lib64/rocblas/library/TensileLibrary_lazy_gfx1152.dat""
""/lib64/rocblas/library/TensileLibrary_lazy_gfx1200.dat""
""/lib64/rocblas/library/TensileLibrary_lazy_gfx90a.dat""
"
rocblas_her|Failure|6559|"Runtime Error: ""Invalid Device Function"""|rocBLAS error from hip error code: 'hipErrorInvalidDeviceFunction':98|"rocBLAS error from hip error code: 'hipErrorInvalidDeviceFunction':98
rocBLAS error encountered: ""rocblas_status_internal_error"" at /home/netherquark/Soham/Large_code/sources/GPU/rocm-examples/Libraries/rocBLAS/level_2/her/main.cpp:142
"
rocblas_nrm2|Failure|6569|"Runtime Error: ""Invalid Device Function"""|rocBLAS error from hip error code: 'hipErrorInvalidDeviceFunction':98|"rocBLAS error from hip error code: 'hipErrorInvalidDeviceFunction':98
rocBLAS error encountered: ""rocblas_status_internal_error"" at /home/netherquark/Soham/Large_code/sources/GPU/rocm-examples/Libraries/rocBLAS/level_1/nrm2/main.cpp:111
"
rocblas_scal|Failure|6609|"Runtime Error: ""Invalid Device Function"""|rocBLAS error from hip error code: 'hipErrorInvalidDeviceFunction':98|"rocBLAS error from hip error code: 'hipErrorInvalidDeviceFunction':98
rocBLAS error encountered: ""rocblas_status_internal_error"" at /home/netherquark/Soham/Large_code/sources/GPU/rocm-examples/Libraries/rocBLAS/level_1/scal/main.cpp:102
"
rocblas_axpy|Failure|6548|"Runtime Error: ""Invalid Device Function"""|rocBLAS error from hip error code: 'hipErrorInvalidDeviceFunction':98|"rocBLAS error from hip error code: 'hipErrorInvalidDeviceFunction':98
rocBLAS error encountered: ""rocblas_status_internal_error"" at /home/netherquark/Soham/Large_code/sources/GPU/rocm-examples/Libraries/rocBLAS/level_1/axpy/main.cpp:120
"
rocblas_dot|Failure|6518|"Runtime Error: ""Invalid Device Function"""|rocBLAS error from hip error code: 'hipErrorInvalidDeviceFunction':98|"rocBLAS error from hip error code: 'hipErrorInvalidDeviceFunction':98
rocBLAS error encountered: ""rocblas_status_internal_error"" at /home/netherquark/Soham/Large_code/sources/GPU/rocm-examples/Libraries/rocBLAS/level_1/dot/main.cpp:122
"
hipblas_her|Failure|12861|"Runtime Error: ""Invalid Device Function"""|rocBLAS error from hip error code: 'hipErrorInvalidDeviceFunction':98|"rocBLAS error from hip error code: 'hipErrorInvalidDeviceFunction':98
hipBLAS error encountered: ""HIPBLAS_STATUS_INTERNAL_ERROR"" at /home/netherquark/Soham/Large_code/sources/GPU/rocm-examples/Libraries/hipBLAS/her/main.hip:167
"
hipblas_scal|Failure|12860|"Runtime Error: ""Invalid Device Function"""|rocBLAS error from hip error code: 'hipErrorInvalidDeviceFunction':98|"rocBLAS error from hip error code: 'hipErrorInvalidDeviceFunction':98
hipBLAS error encountered: ""HIPBLAS_STATUS_INTERNAL_ERROR"" at /home/netherquark/Soham/Large_code/sources/GPU/rocm-examples/Libraries/hipBLAS/scal/main.hip:102
"
hipblas_gemm_strided_batched|Failure|13443|"Tensile Error: ""Missing TensileLibrary.dat"""||"
rocBLAS error: Cannot read /lib64/rocblas/library/TensileLibrary.dat: No such file or directory for GPU arch : gfx90c
 List of available TensileLibrary Files : 
""/lib64/rocblas/library/TensileLibrary_lazy_gfx1153.dat""
""/lib64/rocblas/library/TensileLibrary_lazy_gfx1031.dat""
""/lib64/rocblas/library/TensileLibrary_lazy_gfx1150.dat""
""/lib64/rocblas/library/TensileLibrary_lazy_gfx1103.dat""
""/lib64/rocblas/library/TensileLibrary_lazy_gfx1201.dat""
""/lib64/rocblas/library/TensileLibrary_lazy_gfx1151.dat""
""/lib64/rocblas/library/TensileLibrary_lazy_gfx1035.dat""
""/lib64/rocblas/library/TensileLibrary_lazy_gfx900.dat""
""/lib64/rocblas/library/TensileLibrary_lazy_gfx1010.dat""
""/lib64/rocblas/library/TensileLibrary_lazy_gfx1102.dat""
""/lib64/rocblas/library/TensileLibrary_lazy_gfx950.dat""
""/lib64/rocblas/library/TensileLibrary_lazy_gfx908.dat""
""/lib64/rocblas/library/TensileLibrary_lazy_gfx1030.dat""
""/lib64/rocblas/library/TensileLibrary_lazy_gfx942.dat""
""/lib64/rocblas/library/TensileLibrary_lazy_gfx1100.dat""
""/lib64/rocblas/library/TensileLibrary_lazy_gfx1101.dat""
""/lib64/rocblas/library/TensileLibrary_lazy_gfx1012.dat""
""/lib64/rocblas/library/TensileLibrary_lazy_gfx906.dat""
""/lib64/rocblas/library/TensileLibrary_lazy_gfx1152.dat""
""/lib64/rocblas/library/TensileLibrary_lazy_gfx1200.dat""
""/lib64/rocblas/library/TensileLibrary_lazy_gfx90a.dat""
"
rocthrust_reduce_sum|Success|278|None||
rocthrust_remove_points|Success|24|None||
rocthrust_saxpy|Success|281|None||
rocthrust_device_ptr|Success|289|None||
rocthrust_vectors|Success|276|None||
rocthrust_norm|Success|285|None||
hip_inline_assembly|Success|341|None||
hip_streams|Success|296|None||
hip_hipify|Success|320|None||
hip_gpu_arch|Success|356|None||
hip_moving_average|Success|2586|None||
hip_warp_shuffle|Success|336|None||
hip_texture_management|Success|380|None||
hip_runtime_compilation|Success|540|None||
hip_cooperative_groups|Success|327|None||
hip_events|Success|405|None||
hip_bandwidth|Success|6701|None||
hip_module_api|Success|293|None||
hip_multi_gpu_data_transfer|Success|38|None||
hip_device_query|Success|34|None||
hip_dynamic_shared|Success|272|None||
hip_llvm_ir_to_executable|Success|319|None||
hip_device_globals|Success|282|None||
hip_assembly_to_executable|Success|305|None||
hip_bit_extract|Success|323|None||
hip_hello_world|Success|286|None||
hip_matrix_multiplication|Success|3623|None||
hip_opengl_interop|Failure|27|"Process Error: ""Terminated by Signal 127"""|A glfw error encountered: Failed to detect any supported platform(65550)|"A glfw error encountered: Failed to detect any supported platform(65550)
failed to initialize GLFW
"
hip_saxpy|Success|348|None||
hip_shared_memory|Success|332|None||
hip_occupancy|Success|314|None||
reduction_example_v3|Success|5055|None||
reduction_example_v8|Success|5785|None||
reduction_benchmark_v2|Success|300180|None||"2026-08-20T22:24:42+05:30
Running /home/netherquark/Soham/Large_code/sources/GPU/rocm-examples/build/bin/Tutorials/reduction/reduction_benchmark_v2
Run on (12 X 1111.72 MHz CPU s)
CPU Caches:
  L1 Data 32 KiB (x6)
  L1 Instruction 32 KiB (x6)
  L2 Unified 512 KiB (x6)
  L3 Unified 16384 KiB (x1)
Load Average: 1.25, 1.14, 0.77
hdp_clock_instruction_rate: 1000000
hdp_clock_rate: 1800000
hdp_compute_mode: 0
hdp_concurrent_kernels: 1
hdp_gcn_arch_name: gfx90c:xnack+
hdp_integrated: 1
hdp_l2_cache_size: 1048576
hdp_major: 9
hdp_max_grid_size_x: 2147483647
hdp_max_grid_size_y: 65536
hdp_max_grid_size_z: 65536
hdp_max_shared_memory_per_multi_processor: 65536
hdp_max_threads_dim_x: 1024
hdp_max_threads_dim_y: 1024
hdp_max_threads_dim_z: 1024
hdp_max_threads_per_block: 1024
hdp_max_threads_per_multiprocessor: 2560
hdp_memory_bus_width: 128
hdp_memory_clock_rate: 1333000
hdp_minor: 0
hdp_multi_processor_count: 7
hdp_name: AMD Radeon Graphics
hdp_regs_per_block: 65536
hdp_shared_mem_per_block: 65536
hdp_total_global_mem: 14612639744
hdp_warp_size: 64
***WARNING*** Library was built as DEBUG. Timings may be affected.
"
reduction_example_v9|Success|4223|None||
reduction_benchmark_v0|Success|18750|None||"2026-08-20T22:29:46+05:30
Running /home/netherquark/Soham/Large_code/sources/GPU/rocm-examples/build/bin/Tutorials/reduction/reduction_benchmark_v0
Run on (12 X 1111.72 MHz CPU s)
CPU Caches:
  L1 Data 32 KiB (x6)
  L1 Instruction 32 KiB (x6)
  L2 Unified 512 KiB (x6)
  L3 Unified 16384 KiB (x1)
Load Average: 1.32, 1.19, 0.90
***WARNING*** Library was built as DEBUG. Timings may be affected.
"
reduction_example_v4|Success|3793|None||
reduction_example_v1|Success|5020|None||
reduction_benchmark_v6|Success|136158|None||"2026-08-20T23:15:47+05:30
Running /home/netherquark/Soham/Large_code/sources/GPU/rocm-examples/build/bin/Tutorials/reduction/reduction_benchmark_v6
Run on (12 X 3363.96 MHz CPU s)
CPU Caches:
  L1 Data 32 KiB (x6)
  L1 Instruction 32 KiB (x6)
  L2 Unified 512 KiB (x6)
  L3 Unified 16384 KiB (x1)
Load Average: 0.26, 0.42, 0.36
hdp_clock_instruction_rate: 1000000
hdp_clock_rate: 1800000
hdp_compute_mode: 0
hdp_concurrent_kernels: 1
hdp_gcn_arch_name: gfx90c:xnack+
hdp_integrated: 1
hdp_l2_cache_size: 1048576
hdp_major: 9
hdp_max_grid_size_x: 2147483647
hdp_max_grid_size_y: 65536
hdp_max_grid_size_z: 65536
hdp_max_shared_memory_per_multi_processor: 65536
hdp_max_threads_dim_x: 1024
hdp_max_threads_dim_y: 1024
hdp_max_threads_dim_z: 1024
hdp_max_threads_per_block: 1024
hdp_max_threads_per_multiprocessor: 2560
hdp_memory_bus_width: 128
hdp_memory_clock_rate: 1333000
hdp_minor: 0
hdp_multi_processor_count: 7
hdp_name: AMD Radeon Graphics
hdp_regs_per_block: 65536
hdp_shared_mem_per_block: 65536
hdp_total_global_mem: 14612635648
hdp_warp_size: 64
***WARNING*** Library was built as DEBUG. Timings may be affected.
"
reduction_benchmark_v5|Success|131239|None||"2026-08-20T23:18:03+05:30
Running /home/netherquark/Soham/Large_code/sources/GPU/rocm-examples/build/bin/Tutorials/reduction/reduction_benchmark_v5
Run on (12 X 1111.72 MHz CPU s)
CPU Caches:
  L1 Data 32 KiB (x6)
  L1 Instruction 32 KiB (x6)
  L2 Unified 512 KiB (x6)
  L3 Unified 16384 KiB (x1)
Load Average: 1.01, 0.68, 0.47
hdp_clock_instruction_rate: 1000000
hdp_clock_rate: 1800000
hdp_compute_mode: 0
hdp_concurrent_kernels: 1
hdp_gcn_arch_name: gfx90c:xnack+
hdp_integrated: 1
hdp_l2_cache_size: 1048576
hdp_major: 9
hdp_max_grid_size_x: 2147483647
hdp_max_grid_size_y: 65536
hdp_max_grid_size_z: 65536
hdp_max_shared_memory_per_multi_processor: 65536
hdp_max_threads_dim_x: 1024
hdp_max_threads_dim_y: 1024
hdp_max_threads_dim_z: 1024
hdp_max_threads_per_block: 1024
hdp_max_threads_per_multiprocessor: 2560
hdp_memory_bus_width: 128
hdp_memory_clock_rate: 1333000
hdp_minor: 0
hdp_multi_processor_count: 7
hdp_name: AMD Radeon Graphics
hdp_regs_per_block: 65536
hdp_shared_mem_per_block: 65536
hdp_total_global_mem: 14612635648
hdp_warp_size: 64
***WARNING*** Library was built as DEBUG. Timings may be affected.
"
reduction_benchmark_v7|Success|168058|None||"2026-08-20T23:20:14+05:30
Running /home/netherquark/Soham/Large_code/sources/GPU/rocm-examples/build/bin/Tutorials/reduction/reduction_benchmark_v7
Run on (12 X 1111.72 MHz CPU s)
CPU Caches:
  L1 Data 32 KiB (x6)
  L1 Instruction 32 KiB (x6)
  L2 Unified 512 KiB (x6)
  L3 Unified 16384 KiB (x1)
Load Average: 1.23, 0.92, 0.59
hdp_clock_instruction_rate: 1000000
hdp_clock_rate: 1800000
hdp_compute_mode: 0
hdp_concurrent_kernels: 1
hdp_gcn_arch_name: gfx90c:xnack+
hdp_integrated: 1
hdp_l2_cache_size: 1048576
hdp_major: 9
hdp_max_grid_size_x: 2147483647
hdp_max_grid_size_y: 65536
hdp_max_grid_size_z: 65536
hdp_max_shared_memory_per_multi_processor: 65536
hdp_max_threads_dim_x: 1024
hdp_max_threads_dim_y: 1024
hdp_max_threads_dim_z: 1024
hdp_max_threads_per_block: 1024
hdp_max_threads_per_multiprocessor: 2560
hdp_memory_bus_width: 128
hdp_memory_clock_rate: 1333000
hdp_minor: 0
hdp_multi_processor_count: 7
hdp_name: AMD Radeon Graphics
hdp_regs_per_block: 65536
hdp_shared_mem_per_block: 65536
hdp_total_global_mem: 14612635648
hdp_warp_size: 64
***WARNING*** Library was built as DEBUG. Timings may be affected.
"
reduction_example_v5|Success|2562|None||
reduction_benchmark_v8|Success|295938|None||"2026-08-20T23:23:05+05:30
Running /home/netherquark/Soham/Large_code/sources/GPU/rocm-examples/build/bin/Tutorials/reduction/reduction_benchmark_v8
Run on (12 X 1111.72 MHz CPU s)
CPU Caches:
  L1 Data 32 KiB (x6)
  L1 Instruction 32 KiB (x6)
  L2 Unified 512 KiB (x6)
  L3 Unified 16384 KiB (x1)
Load Average: 1.23, 1.06, 0.71
hdp_clock_instruction_rate: 1000000
hdp_clock_rate: 1800000
hdp_compute_mode: 0
hdp_concurrent_kernels: 1
hdp_gcn_arch_name: gfx90c:xnack+
hdp_integrated: 1
hdp_l2_cache_size: 1048576
hdp_major: 9
hdp_max_grid_size_x: 2147483647
hdp_max_grid_size_y: 65536
hdp_max_grid_size_z: 65536
hdp_max_shared_memory_per_multi_processor: 65536
hdp_max_threads_dim_x: 1024
hdp_max_threads_dim_y: 1024
hdp_max_threads_dim_z: 1024
hdp_max_threads_per_block: 1024
hdp_max_threads_per_multiprocessor: 2560
hdp_memory_bus_width: 128
hdp_memory_clock_rate: 1333000
hdp_minor: 0
hdp_multi_processor_count: 7
hdp_name: AMD Radeon Graphics
hdp_regs_per_block: 65536
hdp_shared_mem_per_block: 65536
hdp_total_global_mem: 14612635648
hdp_warp_size: 64
***WARNING*** Library was built as DEBUG. Timings may be affected.
"
reduction_example_v6|Success|2926|None||
reduction_example_v7|Success|2792|None||
reduction_test_v3|Success|227430|None||
reduction_test_v1|Success|402494|None||
reduction_test_v2|Success|454865|None||
reduction_test_v6|Success|160068|None||
reduction_example_v2|Success|5772|None||
reduction_test_v7|Success|173327|None||
reduction_test_v4|Success|166817|None||
reduction_test_v5|Success|150165|None||
reduction_benchmark_v4|Success|108658|None||"2026-08-20T23:57:08+05:30
Running /home/netherquark/Soham/Large_code/sources/GPU/rocm-examples/build/bin/Tutorials/reduction/reduction_benchmark_v4
Run on (12 X 1111.72 MHz CPU s)
CPU Caches:
  L1 Data 32 KiB (x6)
  L1 Instruction 32 KiB (x6)
  L2 Unified 512 KiB (x6)
  L3 Unified 16384 KiB (x1)
Load Average: 1.18, 1.17, 1.11
hdp_clock_instruction_rate: 1000000
hdp_clock_rate: 1800000
hdp_compute_mode: 0
hdp_concurrent_kernels: 1
hdp_gcn_arch_name: gfx90c:xnack+
hdp_integrated: 1
hdp_l2_cache_size: 1048576
hdp_major: 9
hdp_max_grid_size_x: 2147483647
hdp_max_grid_size_y: 65536
hdp_max_grid_size_z: 65536
hdp_max_shared_memory_per_multi_processor: 65536
hdp_max_threads_dim_x: 1024
hdp_max_threads_dim_y: 1024
hdp_max_threads_dim_z: 1024
hdp_max_threads_per_block: 1024
hdp_max_threads_per_multiprocessor: 2560
hdp_memory_bus_width: 128
hdp_memory_clock_rate: 1333000
hdp_minor: 0
hdp_multi_processor_count: 7
hdp_name: AMD Radeon Graphics
hdp_regs_per_block: 65536
hdp_shared_mem_per_block: 65536
hdp_total_global_mem: 14612635648
hdp_warp_size: 64
***WARNING*** Library was built as DEBUG. Timings may be affected.
"
reduction_test_v10|Success|836808|None||
reduction_benchmark_v1|Success|266380|None||"2026-08-21T00:12:53+05:30
Running /home/netherquark/Soham/Large_code/sources/GPU/rocm-examples/build/bin/Tutorials/reduction/reduction_benchmark_v1
Run on (12 X 4167.07 MHz CPU s)
CPU Caches:
  L1 Data 32 KiB (x6)
  L1 Instruction 32 KiB (x6)
  L2 Unified 512 KiB (x6)
  L3 Unified 16384 KiB (x1)
Load Average: 1.21, 1.22, 1.18
hdp_clock_instruction_rate: 1000000
hdp_clock_rate: 1800000
hdp_compute_mode: 0
hdp_concurrent_kernels: 1
hdp_gcn_arch_name: gfx90c:xnack+
hdp_integrated: 1
hdp_l2_cache_size: 1048576
hdp_major: 9
hdp_max_grid_size_x: 2147483647
hdp_max_grid_size_y: 65536
hdp_max_grid_size_z: 65536
hdp_max_shared_memory_per_multi_processor: 65536
hdp_max_threads_dim_x: 1024
hdp_max_threads_dim_y: 1024
hdp_max_threads_dim_z: 1024
hdp_max_threads_per_block: 1024
hdp_max_threads_per_multiprocessor: 2560
hdp_memory_bus_width: 128
hdp_memory_clock_rate: 1333000
hdp_minor: 0
hdp_multi_processor_count: 7
hdp_name: AMD Radeon Graphics
hdp_regs_per_block: 65536
hdp_shared_mem_per_block: 65536
hdp_total_global_mem: 14612635648
hdp_warp_size: 64
***WARNING*** Library was built as DEBUG. Timings may be affected.
"
reduction_benchmark_v3|Success|153156|None||"2026-08-21T00:17:20+05:30
Running /home/netherquark/Soham/Large_code/sources/GPU/rocm-examples/build/bin/Tutorials/reduction/reduction_benchmark_v3
Run on (12 X 1111.72 MHz CPU s)
CPU Caches:
  L1 Data 32 KiB (x6)
  L1 Instruction 32 KiB (x6)
  L2 Unified 512 KiB (x6)
  L3 Unified 16384 KiB (x1)
Load Average: 1.33, 1.28, 1.21
hdp_clock_instruction_rate: 1000000
hdp_clock_rate: 1800000
hdp_compute_mode: 0
hdp_concurrent_kernels: 1
hdp_gcn_arch_name: gfx90c:xnack+
hdp_integrated: 1
hdp_l2_cache_size: 1048576
hdp_major: 9
hdp_max_grid_size_x: 2147483647
hdp_max_grid_size_y: 65536
hdp_max_grid_size_z: 65536
hdp_max_shared_memory_per_multi_processor: 65536
hdp_max_threads_dim_x: 1024
hdp_max_threads_dim_y: 1024
hdp_max_threads_dim_z: 1024
hdp_max_threads_per_block: 1024
hdp_max_threads_per_multiprocessor: 2560
hdp_memory_bus_width: 128
hdp_memory_clock_rate: 1333000
hdp_minor: 0
hdp_multi_processor_count: 7
hdp_name: AMD Radeon Graphics
hdp_regs_per_block: 65536
hdp_shared_mem_per_block: 65536
hdp_total_global_mem: 14612635648
hdp_warp_size: 64
***WARNING*** Library was built as DEBUG. Timings may be affected.
"
reduction_benchmark_v10|Success|100324|None||"2026-08-21T00:19:53+05:30
Running /home/netherquark/Soham/Large_code/sources/GPU/rocm-examples/build/bin/Tutorials/reduction/reduction_benchmark_v10
Run on (12 X 1111.72 MHz CPU s)
CPU Caches:
  L1 Data 32 KiB (x6)
  L1 Instruction 32 KiB (x6)
  L2 Unified 512 KiB (x6)
  L3 Unified 16384 KiB (x1)
Load Average: 1.12, 1.20, 1.18
hdp_clock_instruction_rate: 1000000
hdp_clock_rate: 1800000
hdp_compute_mode: 0
hdp_concurrent_kernels: 1
hdp_gcn_arch_name: gfx90c:xnack+
hdp_integrated: 1
hdp_l2_cache_size: 1048576
hdp_major: 9
hdp_max_grid_size_x: 2147483647
hdp_max_grid_size_y: 65536
hdp_max_grid_size_z: 65536
hdp_max_shared_memory_per_multi_processor: 65536
hdp_max_threads_dim_x: 1024
hdp_max_threads_dim_y: 1024
hdp_max_threads_dim_z: 1024
hdp_max_threads_per_block: 1024
hdp_max_threads_per_multiprocessor: 2560
hdp_memory_bus_width: 128
hdp_memory_clock_rate: 1333000
hdp_minor: 0
hdp_multi_processor_count: 7
hdp_name: AMD Radeon Graphics
hdp_regs_per_block: 65536
hdp_shared_mem_per_block: 65536
hdp_total_global_mem: 14612635648
hdp_warp_size: 64
***WARNING*** Library was built as DEBUG. Timings may be affected.
"
reduction_test_v8|Success|441455|None||
applications_bitonic_sort|Success|328|None||
applications_histogram|Success|378|None||
applications_monte_carlo_pi|Failure|461|"Process Error: ""Terminated by Signal 127"""|A hipRAND error occurred at /home/netherquark/Soham/Large_code/sources/GPU/rocm-examples/Applications/monte_carlo_pi/main.hip:153|"A hipRAND error occurred at /home/netherquark/Soham/Large_code/sources/GPU/rocm-examples/Applications/monte_carlo_pi/main.hip:153
"
applications_floyd_warshall|Success|273|None||
applications_prefix_sum|Success|281|None||
applications_convolution|Success|27144|None||
reduction_test_v9|Success|2343091|None||
reduction_benchmark_v9|DNF|N/A|N/A|N/A|"2026-08-21T01:11:58+05:30
Running /home/netherquark/Soham/Large_code/sources/GPU/rocm-examples/build/bin/Tutorials/reduction/reduction_benchmark_v9
Run on (12 X 3380.37 MHz CPU s)
CPU Caches:
  L1 Data 32 KiB (x6)
  L1 Instruction 32 KiB (x6)
  L2 Unified 512 KiB (x6)
  L3 Unified 16384 KiB (x1)
Load Average: 1.17, 1.21, 1.16
hdp_clock_instruction_rate: 1000000
hdp_clock_rate: 1800000
hdp_compute_mode: 0
hdp_concurrent_kernels: 1
hdp_gcn_arch_name: gfx90c:xnack+
hdp_integrated: 1
hdp_l2_cache_size: 1048576
hdp_major: 9
hdp_max_grid_size_x: 2147483647
hdp_max_grid_size_y: 65536
hdp_max_grid_size_z: 65536
hdp_max_shared_memory_per_multi_processor: 65536
hdp_max_threads_dim_x: 1024
hdp_max_threads_dim_y: 1024
hdp_max_threads_dim_z: 1024
hdp_max_threads_per_block: 1024
hdp_max_threads_per_multiprocessor: 2560
hdp_memory_bus_width: 128
hdp_memory_clock_rate: 1333000
hdp_minor: 0
hdp_multi_processor_count: 7
hdp_name: AMD Radeon Graphics
hdp_regs_per_block: 65536
hdp_shared_mem_per_block: 65536
hdp_total_global_mem: 14612635648
hdp_warp_size: 64
***WARNING*** Library was built as DEBUG. Timings may be affected.
"
